edad,credito,ingreso_mensual,cumplio
18,233729,22639,0
18,243876,16773,0
18,248922,19786,0
18,249171,17631,0
18,259789,13297,0
18,312058,16559,0
18,339791,20496,0
18,341194,17173,0
18,351253,17562,0
18,352993,17335,0
18,367101,15900,0
18,376495,18177,0
18,377308,17034,0
18,382074,14944,0
18,394471,18104,0
18,396912,16100,0
18,409844,15449,0
18,426425,30029,0
18,434362,26651,0
18,440645,22385,0
18,459450,24073,0
18,466202,23388,0
18,488513,28455,0
18,507471,20127,0
19,260760,17341,0
19,344264,17235,0
19,360140,22080,0
19,401216,21190,0
19,411747,15279,0
19,482075,25855,0
19,494419,27982,0
20,152152,23763,0
20,171721,25252,1
20,210980,21402,0
20,213510,21775,0
20,234661,18651,0
20,252083,20688,0
20,254678,18884,0
20,385347,18865,0
20,458415,25999,0
20,468756,15361,0
20,503744,16526,0
21,152485,20398,0
21,180697,22929,1
21,186026,23142,0
21,195130,24244,1
21,218145,23520,0
21,224567,20690,0
21,256336,23494,0
21,265407,21139,1
21,266773,22626,0
21,267961,25089,0
21,278379,24119,0
21,280585,23927,0
21,446338,30952,0
21,449282,16715,0
21,465614,13711,0
21,466613,29435,0
21,489678,30718,0
21,519011,26337,0
21,574716,30056,0
21,593149,24324,0
21,609838,22201,0
22,100000,35021,0
22,110299,31948,1
22,168261,34049,1
22,184464,25370,1
22,185158,21936,0
22,199179,21240,0
22,213261,22076,1
22,214095,20491,0
22,215225,25152,0
22,244940,27194,1
22,251260,24288,0
22,394594,21482,0
22,408700,24090,0
22,416488,18958,0
22,447732,20565,0
22,461856,22232,0
22,468229,22116,0
22,476397,18141,0
22,476411,21148,0
22,490870,18894,0
22,502401,15545,0
22,566612,24627,0
22,592696,30839,0
22,637965,25896,0
22,650000,26564,0
23,100000,32365,1
23,100000,28214,1
23,102317,29268,0
23,111254,25750,1
23,121419,25459,1
23,121868,36193,0
23,129148,33089,0
23,132535,26933,1
23,157172,36536,0
23,161380,24408,0
23,172257,26674,0
23,180825,23789,0
23,181453,22853,0
23,183515,22254,1
23,189711,31972,1
23,195724,26511,0
23,196352,31078,0
23,199967,25174,0
23,201851,25487,0
23,202641,23719,0
23,207167,32857,0
23,210156,34214,1
23,219796,25725,0
23,225353,32504,0
23,229543,22237,0
23,230530,24693,1
23,233431,23637,1
23,349303,22303,0
23,416441,20638,0
23,430465,20900,0
23,438235,20892,0
23,441133,20760,0
23,464186,21943,0
23,469314,20996,0
23,474358,31558,1
23,484599,18061,0
23,494634,30806,0
23,502972,27459,0
23,504642,20930,0
23,513721,29050,0
23,571763,27210,0
24,100000,35556,1
24,100000,32216,1
24,100000,34674,1
24,100000,24606,0
24,100000,33176,0
24,100000,36139,1
24,104899,34449,1
24,111038,28082,0
24,120711,37735,1
24,129220,34730,0
24,135155,28715,1
24,158753,27360,0
24,166619,28701,1
24,173330,35366,0
24,176618,25246,0
24,181993,30665,1
24,187484,36673,1
24,209057,28713,0
24,218032,34386,0
24,220663,35797,1
24,221687,36763,1
24,225321,21656,1
24,229761,32815,1
24,239636,32793,1
24,240314,30415,0
24,243054,31316,0
24,270547,25607,0
24,277925,21080,0
24,282443,34689,0
24,305939,34629,0
24,331114,33180,0
24,346516,28835,0
24,407644,17932,0
24,417331,22630,0
24,435452,31802,0
24,441742,32417,0
24,446737,22552,0
24,447707,20839,0
24,459564,31788,0
24,460940,18244,0
24,465988,20231,0
24,467418,28739,0
24,468214,32939,0
24,468753,23581,0
24,470918,21884,0
24,471720,21217,0
24,473460,28900,0
24,473582,29951,1
24,474419,28983,0
24,474731,30619,0
24,476879,27081,0
24,483325,19452,0
24,484178,29756,0
24,489155,17681,0
24,491723,33003,0
24,495997,21030,0
24,511018,26784,0
24,522749,26546,0
24,576150,28072,0
24,579510,30648,0
24,604022,28648,0
24,616605,30999,0
25,100000,33550,1
25,102972,28693,0
25,108108,25915,0
25,129438,29352,1
25,129577,26376,1
25,134098,36562,1
25,135700,34755,0
25,142805,41076,1
25,170344,35042,1
25,172071,35352,1
25,179579,32262,1
25,183775,35593,0
25,199124,23879,0
25,200199,32236,1
25,202388,35738,1
25,212119,37250,1
25,224546,34712,1
25,227422,33920,0
25,235165,35209,0
25,236316,30901,0
25,240132,32631,0
25,241593,32582,0
25,244742,29535,0
25,249957,25746,0
25,254102,28655,0
25,258533,33945,1
25,264836,26970,1
25,266196,35331,0
25,272945,33736,1
25,284118,34020,1
25,285625,33133,0
25,320144,30962,0
25,360794,28301,0
25,392376,36146,0
25,393990,21026,0
25,395804,32084,0
25,398649,31096,0
25,402457,30957,0
25,403447,29296,0
25,418690,36613,0
25,446559,20492,0
25,448409,29105,0
25,458905,29526,0
25,464823,24491,0
25,471090,29165,0
25,482393,29494,0
25,483001,20264,0
25,485942,31033,0
25,498867,27270,0
25,501350,32147,0
25,506777,28715,0
25,514102,29977,0
25,541413,29871,0
25,548825,28577,0
25,573188,28361,0
25,578583,29866,0
25,583696,28793,0
25,585290,29103,0
25,587810,29309,0
25,597979,27462,0
26,100000,36684,1
26,100000,41243,0
26,100000,33494,1
26,100000,37402,0
26,101847,37022,1
26,101858,41532,0
26,113506,38001,1
26,114667,40733,1
26,116480,27221,0
26,118396,38102,1
26,124102,41217,1
26,127381,36382,1
26,132872,37553,1
26,136834,38434,1
26,137039,36134,0
26,137308,35339,1
26,140770,34597,1
26,140843,38460,1
26,155961,35912,0
26,158911,36839,1
26,162652,34717,1
26,169590,41122,1
26,175216,37220,1
26,175917,35016,1
26,177419,36018,0
26,178234,35246,1
26,183508,31707,0
26,183794,37763,1
26,184572,37773,1
26,192005,33433,1
26,193164,36400,1
26,199481,36307,1
26,200721,36356,0
26,204668,37243,0
26,206825,34325,1
26,208032,34259,1
26,209626,32239,0
26,210061,35140,1
26,210323,26666,0
26,216542,35706,0
26,218773,36840,1
26,219224,34367,0
26,221513,32379,0
26,232863,34838,0
26,233652,35313,1
26,235142,33550,1
26,237033,34113,0
26,245700,34476,0
26,250818,36668,1
26,251727,32698,0
26,251931,27550,0
26,252306,34550,0
26,255474,39582,0
26,257700,38674,1
26,258414,29950,0
26,259754,34107,1
26,263089,30064,0
26,269293,33244,0
26,269573,37150,1
26,273992,34339,1
26,275704,39080,1
26,276254,35531,1
26,285013,35494,0
26,293912,33001,1
26,294490,32060,0
26,301302,33606,0
26,306222,34413,1
26,312819,31782,0
26,352395,35411,0
26,365904,34069,0
26,366192,32959,1
26,376978,35110,0
26,377143,34037,1
26,380446,31318,0
26,382803,20516,0
26,387035,32527,0
26,387125,37033,0
26,388980,37183,1
26,397174,29943,0
26,403884,30925,0
26,406061,33996,0
26,406837,32291,0
26,409875,32926,0
26,410257,32055,1
26,421272,23724,1
26,422723,30148,0
26,424446,30741,0
26,433956,35947,0
26,435315,23070,0
26,438896,34566,0
26,440189,34120,0
26,440212,33563,0
26,443734,32841,1
26,444268,33074,0
26,445703,32374,0
26,447617,32203,0
26,449350,30384,0
26,450646,19661,0
26,453584,31992,0
26,455687,35718,0
26,457455,33352,0
26,461346,29841,0
26,469174,28160,0
26,469838,30895,0
26,470409,32553,0
26,482265,28320,0
26,496554,31514,0
26,503719,34943,0
26,507873,27829,0
26,535362,28046,0
26,541846,31444,0
26,544480,29194,0
26,556429,28848,0
26,565380,30228,0
27,100000,38201,1
27,100000,40096,1
27,100000,37153,1
27,100000,32095,1
27,100000,40465,1
27,100000,36125,1
27,100000,28394,1
27,100000,34439,1
27,100000,29883,1
27,102571,43152,1
27,106828,27643,1
27,108038,37329,1
27,108343,39040,1
27,108710,38834,0
27,108716,42656,1
27,109317,40714,1
27,113742,38939,0
27,114195,36459,1
27,123070,38415,1
27,123530,29110,1
27,123850,37912,0
27,129665,34449,1
27,129998,38858,1
27,133466,37110,1
27,141489,35635,0
27,142077,26988,1
27,146496,38908,1
27,151274,38097,0
27,162716,35442,0
27,165015,31012,0
27,167866,38750,0
27,177569,38883,1
27,188989,39337,1
27,192222,38931,1
27,192222,34267,1
27,193540,35892,0
27,195573,25316,1
27,198096,37971,1
27,201948,35724,0
27,204493,24340,0
27,204991,36557,1
27,208652,36538,1
27,209346,34541,0
27,209875,37834,1
27,211280,34701,0
27,217256,39236,1
27,217445,36632,1
27,228195,37538,0
27,228204,35208,0
27,230651,37789,1
27,233422,37039,0
27,241512,37143,0
27,243107,33120,0
27,246107,38115,1
27,246821,36654,1
27,251076,37777,0
27,256964,35392,0
27,258484,33498,0
27,259653,38780,1
27,262385,35124,0
27,263539,37152,1
27,267464,33893,1
27,270341,37134,0
27,271150,36418,0
27,275075,35475,0
27,275091,34662,1
27,275414,39814,1
27,275445,33777,0
27,287397,38958,1
27,289925,36840,1
27,293834,35931,0
27,294902,33088,1
27,297036,34532,0
27,297459,36296,0
27,302614,31909,1
27,306231,40159,1
27,326599,38431,1
27,328867,36906,0
27,330504,36436,1
27,330645,41863,0
27,335677,33502,1
27,340685,34531,0
27,341139,38250,0
27,343875,34509,0
27,356563,35880,0
27,356941,38323,0
27,363423,35510,0
27,364341,37653,0
27,364939,33802,0
27,369934,38304,0
27,370740,30983,1
27,375205,31869,0
27,376144,31975,0
27,379679,31330,0
27,382804,36888,1
27,383388,33823,0
27,383689,34649,0
27,388452,33521,0
27,390065,32746,1
27,390385,30332,0
27,393873,33437,0
27,398972,34703,0
27,401318,32620,0
27,403286,37849,1
27,404146,33580,0
27,411740,33099,0
27,417956,30457,0
27,418354,30065,0
27,422598,34918,0
27,425201,24958,0
27,425347,31920,0
27,428784,34578,1
27,429143,32755,0
27,433161,26603,0
27,433991,29146,0
27,435524,34024,0
27,439310,31311,0
27,439335,34892,0
27,463117,33004,0
27,463550,34091,0
27,465194,21901,0
27,465890,33818,0
27,469313,32538,0
27,470954,31299,0
27,473153,36568,0
27,475170,36056,0
27,486001,30812,0
27,487079,29781,0
27,495427,33283,0
27,501170,30604,0
27,502620,33305,0
27,503083,32480,0
27,514339,32524,0
27,514872,33530,1
27,516082,30201,0
27,547857,29745,0
27,556132,21112,0
27,573592,15558,0
27,575424,22800,0
27,593036,18525,0
27,596974,22957,0
27,600494,19638,0
28,100000,40027,1
28,100000,37622,1
28,100000,41386,1
28,100000,37414,1
28,100000,38265,1
28,100000,41388,1
28,100000,38358,0
28,100000,39608,1
28,100000,40269,1
28,103139,37022,1
28,105573,38502,1
28,107125,33676,1
28,107480,39014,0
28,112234,38605,1
28,114405,41546,1
28,114598,38471,1
28,117812,30955,1
28,121755,38779,1
28,122795,34989,1
28,123358,37082,1
28,131185,38988,1
28,136899,40230,1
28,137983,40328,1
28,138750,30173,0
28,143557,37106,1
28,147352,27613,1
28,147898,37194,1
28,153133,32153,1
28,166408,38352,1
28,166873,35618,0
28,167535,41368,1
28,171349,41431,0
28,174955,24623,1
28,181650,39110,1
28,187497,34086,1
28,187852,40472,1
28,193206,36351,1
28,195453,36461,1
28,204090,36901,1
28,216681,38229,0
28,218075,40024,1
28,220204,36966,0
28,220990,36081,1
28,224799,37107,1
28,228198,36379,1
28,231850,34308,0
28,236055,42100,0
28,236803,37012,1
28,243897,35791,0
28,264572,35884,0
28,269644,39058,1
28,272579,33842,1
28,275951,36374,1
28,278357,36154,1
28,282412,36013,1
28,284873,34246,0
28,287430,37361,0
28,290115,37209,0
28,290195,39949,1
28,293356,34714,0
28,294499,38146,0
28,296638,33306,0
28,299675,29210,0
28,300217,37023,1
28,305159,36825,0
28,306298,35712,0
28,306450,32352,1
28,310021,33898,0
28,312499,31943,0
28,313451,35801,0
28,315621,36228,0
28,318004,33881,1
28,323222,35567,0
28,329252,34664,0
28,332097,38618,0
28,352455,34597,0
28,353855,29954,0
28,355127,37229,1
28,358124,35660,0
28,358134,32425,0
28,361626,32562,1
28,362962,34800,1
28,363177,33121,0
28,365822,36255,1
28,372634,35734,0
28,372841,24707,1
28,376486,35539,0
28,385366,36613,0
28,388791,34540,0
28,394224,32536,0
28,397311,34439,1
28,400082,33491,0
28,403475,35685,0
28,403514,38192,0
28,405042,35095,0
28,406311,32580,0
28,406381,38340,0
28,407820,36267,0
28,412447,32516,0
28,414006,31453,0
28,415091,33138,0
28,415802,38515,1
28,422246,36232,0
28,423119,37501,1
28,426427,34695,1
28,427138,34035,0
28,427986,34806,0
28,431440,30172,0
28,435272,35683,0
28,438308,31706,1
28,446281,29724,0
28,446955,21560,0
28,447780,21059,0
28,448595,35794,0
28,450120,37927,0
28,458634,35849,0
28,461845,34713,0
28,466398,35443,1
28,468183,33437,1
28,471649,34072,0
28,476373,33144,0
28,482972,34615,0
28,518473,23984,0
28,522024,28446,0
28,529116,30761,0
28,531636,36727,0
28,542148,32449,0
28,551671,30418,0
28,583312,35508,0
28,607168,19162,0
28,628340,22275,0
29,100000,42303,1
29,100000,41950,0
29,100000,43094,1
29,100000,39151,1
29,101219,39021,1
29,102603,38084,0
29,104460,37106,1
29,105755,37604,1
29,106026,39515,1
29,109001,39241,1
29,110306,42387,1
29,110749,39032,1
29,111065,40240,1
29,111347,38986,1
29,112365,36637,1
29,115163,37366,1
29,116451,41744,1
29,117646,42390,1
29,120786,37552,1
29,122672,29095,1
29,122790,38322,1
29,126265,28866,1
29,127845,44712,1
29,129336,40132,1
29,130590,38378,1
29,133155,41720,1
29,134242,41520,1
29,141531,40891,0
29,145496,34616,1
29,147412,29588,1
29,148379,39851,1
29,151287,28041,1
29,162815,40567,1
29,167000,25579,0
29,169787,40183,1
29,170797,33352,1
29,172547,36709,1
29,183142,25577,0
29,183477,29237,0
29,189269,41244,1
29,202321,38536,1
29,204532,34428,1
29,207961,28432,1
29,210012,43037,1
29,210408,40355,1
29,211104,29948,1
29,211344,35268,1
29,211997,37954,1
29,213438,41570,1
29,218362,40750,1
29,219292,37637,1
29,226062,43089,1
29,228289,35435,0
29,229362,37133,1
29,233222,33031,1
29,248881,35803,1
29,254499,37104,0
29,255397,37224,0
29,256097,39377,0
29,256446,39966,1
29,257433,36069,1
29,257811,34393,0
29,270417,37834,1
29,280831,37100,0
29,281383,38335,1
29,282661,31585,1
29,283496,36024,0
29,284941,35425,1
29,286192,38624,1
29,286210,41120,1
29,289400,36124,1
29,293412,37600,1
29,296036,39574,0
29,300934,35102,0
29,301148,40181,0
29,304478,33914,0
29,305086,35306,0
29,308950,35353,0
29,312455,35105,1
29,317204,35028,1
29,321216,39692,0
29,323079,34216,0
29,323199,36397,0
29,324597,37440,0
29,325034,34206,0
29,327780,36114,0
29,328041,38069,0
29,332104,36429,0
29,335785,37547,0
29,338845,37547,0
29,342162,37622,0
29,342410,37356,1
29,348021,37127,0
29,348528,31525,0
29,355137,33646,1
29,356419,31858,0
29,359544,33326,0
29,361024,35915,0
29,361389,34769,0
29,365225,35835,0
29,369588,36418,0
29,371604,32082,0
29,375286,38196,0
29,375490,36081,0
29,377772,36746,0
29,378252,31936,1
29,379042,37156,0
29,381103,33966,0
29,381520,35570,0
29,384181,27949,0
29,385823,36259,0
29,386381,34553,0
29,392584,36641,0
29,394417,37038,0
29,396716,34883,1
29,401142,34389,0
29,403612,33420,0
29,408333,34601,0
29,413536,36009,0
29,417936,33474,0
29,426331,33498,0
29,431967,38457,0
29,433002,36284,0
29,434297,30424,0
29,434994,32136,0
29,440403,34918,0
29,441592,26462,1
29,448045,33634,0
29,448803,33888,1
29,449343,34442,0
29,451074,34858,0
29,456064,31758,0
29,462740,25243,0
29,466104,32515,0
29,469407,31167,0
29,473098,31904,0
29,493900,30017,0
29,518535,30918,0
29,541062,33171,0
29,546484,35724,1
29,556977,18644,0
29,560883,29300,0
29,578206,32389,1
29,580544,22475,0
29,584150,29369,0
29,595901,23801,0
29,596734,22696,0
29,608593,23256,0
29,616134,19471,0
29,629336,25052,0
29,629839,19015,0
30,100000,41410,1
30,100000,40634,1
30,100000,38481,0
30,100000,41611,1
30,100000,39858,1
30,100000,38583,1
30,100000,41806,1
30,100000,42869,0
30,100000,40291,1
30,100978,39267,1
30,103012,46491,1
30,103326,41803,1
30,107422,40469,1
30,109680,36504,0
30,109733,37779,1
30,121313,41114,1
30,128746,38051,1
30,131134,39859,0
30,133878,46634,1
30,134133,31939,1
30,137312,39971,1
30,147154,39678,1
30,149427,36889,1
30,150853,40757,0
30,152528,40688,1
30,152613,40478,1
30,153247,40044,1
30,154118,42487,0
30,155205,38819,1
30,160934,39117,1
30,161302,35397,1
30,162768,33444,1
30,166462,44822,1
30,166878,39884,1
30,168563,31490,0
30,177056,37045,1
30,178716,41304,1
30,182771,39714,0
30,185324,37606,0
30,186347,35983,0
30,189735,34134,0
30,194448,31863,1
30,199575,36793,0
30,205616,39145,1
30,207283,39164,0
30,207579,40089,1
30,212839,36046,1
30,216825,36049,1
30,216833,40417,1
30,217133,37705,1
30,226712,35175,0
30,228661,42302,1
30,229795,36528,1
30,230225,36334,0
30,232117,41799,1
30,237333,40317,1
30,240595,42781,1
30,240978,38763,0
30,241703,36386,1
30,242310,41999,0
30,243279,37105,1
30,245397,40864,0
30,250828,38549,0
30,256287,40151,0
30,257035,39211,0
30,263161,41282,1
30,268093,40385,1
30,268631,38913,1
30,269383,39170,0
30,276378,35758,1
30,277033,39998,1
30,280099,37629,0
30,288275,39080,0
30,288560,36052,0
30,289690,42928,0
30,289700,37152,0
30,294734,38406,1
30,297672,39147,1
30,301832,37730,1
30,303064,38584,0
30,304080,35024,1
30,305334,37167,1
30,306652,35175,0
30,307560,38285,1
30,309606,37123,1
30,313560,37267,0
30,320517,35200,1
30,324409,44627,1
30,326477,40073,1
30,333777,36737,0
30,334817,38365,0
30,335671,41882,0
30,336634,35352,0
30,339659,34995,0
30,340091,36851,0
30,346116,38092,0
30,349227,34292,0
30,351521,40574,0
30,352847,37924,0
30,353533,37392,0
30,358223,36727,0
30,369748,40228,1
30,385668,39414,0
30,387001,35644,0
30,387005,36458,0
30,389993,38784,0
30,396299,37033,1
30,400196,39524,0
30,404953,35338,1
30,405483,35648,1
30,407123,37806,0
30,407360,37522,0
30,408895,33967,0
30,415264,28456,0
30,415409,40596,0
30,422142,33503,0
30,424119,26399,0
30,431636,33661,1
30,433882,35415,0
30,434456,36345,0
30,437064,28353,0
30,440687,27042,1
30,441296,36067,0
30,484470,26741,0
30,517546,22349,0
30,524307,35596,0
30,532813,31255,0
30,545032,27228,0
30,547817,31279,0
30,562895,32646,0
30,591853,21523,0
30,593036,21498,0
30,610574,17929,0
31,100000,40426,1
31,100000,40208,1
31,101534,43357,1
31,106725,46367,1
31,117440,42416,1
31,121336,32067,1
31,122750,41186,0
31,125370,38735,1
31,126236,39440,1
31,144314,42336,1
31,146981,39597,1
31,148516,39289,0
31,155242,42543,1
31,158797,41146,1
31,159858,30045,1
31,161729,39445,1
31,164003,39703,1
31,164591,42521,1
31,166330,40578,1
31,166862,30556,0
31,171449,40064,1
31,173054,41312,1
31,173597,40437,1
31,176190,30206,1
31,179541,44937,1
31,182975,37742,1
31,183714,41403,1
31,184326,38840,1
31,184599,35317,1
31,186384,40385,1
31,191745,42224,1
31,192089,37399,1
31,194536,42413,1
31,199317,37445,1
31,202166,41843,1
31,209077,40486,0
31,209192,38535,1
31,209630,34296,1
31,210566,40444,0
31,213205,36635,1
31,213834,38532,0
31,215628,40129,1
31,218396,40487,1
31,221512,39412,1
31,222820,41873,1
31,222927,41085,1
31,225615,38778,1
31,233909,38987,1
31,244004,38419,0
31,258805,40905,1
31,276827,40941,1
31,281514,36621,1
31,282546,38138,0
31,292435,39696,1
31,297346,34939,0
31,297697,42205,1
31,299888,41047,1
31,301256,38302,0
31,305055,32372,0
31,309965,37440,1
31,318814,38816,0
31,324556,36371,1
31,325799,36321,1
31,327802,37297,0
31,327974,38059,0
31,337502,40006,1
31,341269,35478,1
31,350365,33699,0
31,350720,36722,0
31,352976,39191,1
31,354551,38548,0
31,358677,37698,1
31,359553,35814,1
31,359831,36313,1
31,360500,39840,0
31,360785,33998,0
31,363787,38767,0
31,366924,37367,0
31,368080,33207,1
31,368384,32029,0
31,373251,32461,0
31,374728,35838,0
31,374759,35807,0
31,375188,36687,0
31,377316,36699,0
31,389223,35673,0
31,397139,34458,1
31,397442,37336,1
31,398255,37115,0
31,402203,37918,0
31,403668,34072,0
31,404402,34796,1
31,407578,33935,1
31,410800,35005,0
31,411906,31180,0
31,419987,35197,0
31,420957,33902,0
31,423390,40367,0
31,427975,35948,0
31,427999,39632,1
31,428483,35943,0
31,429311,36727,0
31,440361,36319,0
31,448840,36820,0
31,458101,34310,0
31,588259,22046,0
31,601934,22556,0
32,100000,43402,1
32,100000,38042,1
32,100000,41211,1
32,100000,47013,1
32,100000,37868,1
32,100165,37016,0
32,105653,43031,1
32,117618,44420,1
32,122060,39971,1
32,126007,33156,1
32,127162,29220,1
32,129449,29042,1
32,130406,42175,1
32,131042,42071,1
32,131388,41739,0
32,133195,38010,1
32,133871,32319,1
32,133965,29785,1
32,135827,35468,1
32,137110,41002,1
32,145361,38791,1
32,146861,39230,1
32,149452,41207,1
32,152785,40882,1
32,154827,41297,1
32,156302,42888,1
32,158388,32523,1
32,162761,41432,1
32,167514,40323,1
32,168439,37624,1
32,169783,42140,1
32,174542,39796,1
32,175269,43015,1
32,177557,43796,1
32,183371,42871,1
32,186909,31298,0
32,192618,40113,1
32,198184,42873,1
32,206233,43238,1
32,209133,40664,1
32,213416,42949,1
32,216109,39095,1
32,220093,39736,1
32,222222,38757,0
32,234081,39288,1
32,234435,40995,1
32,238513,37982,1
32,244135,45627,1
32,252226,42629,0
32,265043,39677,1
32,270896,42052,1
32,275481,37858,1
32,276253,39831,0
32,278503,35531,0
32,284319,38382,0
32,286265,41130,1
32,289980,38507,0
32,293648,42390,0
32,330813,42400,0
32,331299,36523,0
32,336920,39748,1
32,337481,37694,0
32,337898,38686,0
32,345625,36231,0
32,353532,35970,1
32,353544,39719,1
32,360774,38625,0
32,361707,36891,0
32,363597,43496,0
32,364462,36019,1
32,365039,41970,0
32,365373,38687,0
32,372647,38303,0
32,373659,37501,0
32,381381,40131,0
32,381631,37056,1
32,384271,40869,1
32,386159,42522,1
32,387039,38648,1
32,392681,39527,0
32,392724,37322,0
32,397925,35316,1
32,399784,36179,0
32,402653,36186,0
32,404278,37266,0
32,407297,39091,0
32,408909,35967,0
32,410898,38723,0
32,413231,36788,0
32,415331,36854,0
32,418617,38487,0
32,419010,38441,1
32,428549,40232,1
32,448407,41379,0
32,460309,39555,0
32,597256,25283,0
32,610406,22235,0
32,650000,24210,0
33,100000,44309,1
33,100000,45546,1
33,100000,47854,1
33,106534,40115,1
33,108865,43833,0
33,109701,41600,1
33,112213,43493,1
33,114954,43691,1
33,124649,44052,1
33,130163,44441,0
33,134334,42382,1
33,136113,40185,1
33,138418,41444,1
33,143402,39364,1
33,150178,42426,1
33,151856,32853,1
33,153466,39823,1
33,155571,42210,0
33,162488,45620,0
33,162912,40803,1
33,162927,40854,1
33,164330,42127,1
33,168163,43644,1
33,169310,37493,1
33,172978,39479,1
33,176734,41849,1
33,177822,42452,1
33,177881,43874,1
33,178239,40002,1
33,186963,41741,1
33,194956,31772,1
33,195343,39501,1
33,201315,40240,1
33,201511,44546,1
33,202336,39720,1
33,202592,41663,1
33,202702,45069,1
33,210267,41741,1
33,215125,42321,1
33,217596,40482,1
33,221134,43947,1
33,223501,42955,1
33,230721,44699,1
33,232196,43829,1
33,236574,44258,1
33,243154,43550,1
33,253848,38964,1
33,274285,43302,1
33,276662,42546,1
33,277923,39110,0
33,280607,40241,0
33,283566,40453,1
33,285399,36618,1
33,288506,39827,0
33,292441,38667,1
33,292855,41992,1
33,300283,39496,1
33,302734,39197,0
33,304027,42855,1
33,308828,38768,0
33,309080,40079,1
33,313025,36932,1
33,320114,36706,1
33,321959,40373,0
33,327528,43358,0
33,334142,40758,1
33,349295,36468,0
33,350548,37348,1
33,351665,40773,1
33,353933,40509,0
33,360383,35452,0
33,365545,36868,1
33,371563,41720,0
33,372327,39065,1
33,374078,35806,1
33,375056,38724,0
33,380243,35833,0
33,380787,37600,0
33,383372,38939,0
33,383846,39562,1
33,391968,36518,0
33,394126,36767,1
33,408016,36588,0
33,417523,42219,1
33,427833,38784,0
33,442765,36272,0
33,446784,42198,1
33,497380,32318,0
33,501847,25891,0
33,512162,26009,1
33,517010,26368,0
33,547455,27651,1
33,557097,23991,0
33,558166,25198,0
33,584493,24695,0
33,616191,22775,0
34,100000,47573,0
34,100000,45258,1
34,100000,44564,1
34,100000,47033,1
34,100000,44016,1
34,100370,43572,1
34,102614,43619,1
34,106253,43706,1
34,118366,44034,1
34,126432,43985,1
34,128109,42807,1
34,130602,44837,1
34,132808,41477,1
34,138217,40409,1
34,142986,46199,1
34,145472,41217,0
34,145878,42713,1
34,147438,47094,1
34,149994,43354,1
34,150768,48920,1
34,156277,41562,1
34,166248,42445,1
34,171595,42715,1
34,173492,45605,0
34,179371,43924,1
34,184079,44591,1
34,186889,42657,1
34,187783,42744,1
34,189060,38498,1
34,192070,46071,1
34,200050,45782,1
34,200747,46773,1
34,205872,41771,0
34,207530,40905,0
34,207914,43073,1
34,211743,43103,1
34,216647,41797,1
34,218264,44561,1
34,224170,40861,1
34,240955,41987,0
34,242042,40477,1
34,242866,40532,1
34,250559,43089,1
34,251815,39680,1
34,266115,44463,1
34,270041,37632,0
34,271363,43346,0
34,292202,43165,1
34,313736,37837,1
34,332415,37595,1
34,334661,40844,1
34,349192,41479,1
34,352251,37416,1
34,354438,41111,0
34,355010,34897,1
34,357118,38134,1
34,357374,36354,1
34,372559,34389,0
34,380373,40356,1
34,382318,36415,0
34,395947,40952,1
34,410345,35696,0
34,494156,25397,0
34,555955,26129,0
34,557800,23197,0
34,571556,27558,0
34,572512,28071,0
34,574355,29858,0
34,581093,26241,0
34,581564,27154,0
34,616230,23363,0
34,630279,25614,0
35,100000,46711,1
35,100000,45225,1
35,100000,44957,1
35,100000,46082,1
35,100000,42493,1
35,100000,46297,1
35,100000,44463,1
35,100000,43596,1
35,100000,46475,1
35,100000,43550,1
35,108483,43437,1
35,109138,44582,1
35,112768,49766,1
35,116791,45283,1
35,125925,45279,1
35,133346,46533,1
35,134207,43557,1
35,139546,41798,1
35,141769,46747,1
35,155384,44282,1
35,160009,42386,1
35,170154,43407,0
35,171392,48215,1
35,172739,46840,1
35,175264,42764,1
35,175426,45420,1
35,180123,47524,1
35,189837,43033,1
35,193085,45646,1
35,196495,39624,1
35,196845,39143,1
35,204444,42010,1
35,214013,39907,1
35,216620,41676,1
35,223545,41220,1
35,224859,45351,1
35,234478,43599,1
35,240911,40218,1
35,246053,41941,1
35,258276,43263,1
35,265989,40754,1
35,271593,38181,1
35,281897,40220,1
35,287271,40572,1
35,300162,41825,0
35,304365,30462,0
35,306028,42083,1
35,306735,32993,1
35,316738,34764,0
35,318527,40307,0
35,345543,41003,1
35,346279,39665,0
35,354562,43180,1
35,359237,44534,1
35,366326,43938,1
35,371420,39682,1
35,373497,37636,1
35,379771,41522,0
35,382668,42244,0
35,383493,41590,1
35,391291,41632,0
35,394122,45388,0
35,396790,37750,1
35,397454,42144,0
35,401495,37682,0
35,408989,39877,0
35,416099,40674,0
35,473056,42060,0
35,480194,27310,0
35,488764,31494,1
35,549453,25905,0
35,613344,32375,0
36,100000,43978,1
36,100000,46822,1
36,100000,46013,1
36,100000,45989,1
36,100000,46242,1
36,105453,44192,1
36,107629,47151,1
36,108504,46227,1
36,109271,43419,1
36,125586,44234,1
36,144461,42750,1
36,144773,45723,1
36,169975,43514,1
36,173323,45088,1
36,177223,47317,1
36,184784,45100,0
36,184970,46400,0
36,192428,45066,1
36,201687,40673,1
36,206682,42276,1
36,207141,46058,1
36,221665,40480,1
36,234391,44031,1
36,237907,43095,1
36,239195,44307,1
36,249327,40124,1
36,249621,43920,1
36,251866,46731,0
36,257890,43246,1
36,258304,43593,1
36,260827,41615,1
36,266965,33385,1
36,280326,27975,1
36,283716,42582,0
36,285857,40110,1
36,288454,44219,1
36,289313,41407,1
36,292955,45208,1
36,294383,33003,0
36,305571,42642,1
36,315676,42844,1
36,318085,42982,1
36,326946,42245,1
36,339424,39648,0
36,350915,41503,1
36,351445,40721,1
36,352458,42214,1
36,352852,41064,1
36,355044,41373,1
36,362917,42513,0
36,368826,40054,1
36,370565,43425,1
36,374370,36319,1
36,388925,40615,1
36,395428,44656,0
36,409097,38546,1
36,414309,38549,1
36,462899,39089,0
36,487191,37519,0
36,493421,38831,0
36,502033,36197,0
36,503919,41118,0
36,559124,32025,0
36,586953,29209,0
36,588962,27234,0
37,100000,48492,1
37,100000,49199,1
37,100000,45781,1
37,100000,46036,1
37,100000,45110,1
37,100000,46310,1
37,100000,51379,1
37,100000,45132,1
37,108857,44404,1
37,112279,42381,0
37,112558,44319,1
37,122366,44705,0
37,122587,44921,1
37,131259,49141,1
37,133205,47493,1
37,137933,46237,1
37,141064,45091,1
37,151554,42674,1
37,153688,46061,1
37,157950,46336,1
37,162454,47370,1
37,164124,46973,1
37,166123,45373,1
37,170837,44744,1
37,174644,46261,1
37,175043,45806,1
37,175772,48815,1
37,177899,42833,1
37,179589,46715,1
37,189055,46831,1
37,190417,44269,1
37,190997,45777,1
37,197644,45724,1
37,199769,43844,1
37,203578,46134,1
37,203841,42575,1
37,211159,43238,1
37,224216,45901,1
37,245844,41821,1
37,251972,44573,1
37,268843,43367,1
37,270878,42982,1
37,274003,45670,1
37,274099,44542,1
37,275009,37789,0
37,276373,31878,1
37,277148,42576,1
37,298079,41748,0
37,299468,33105,0
37,302861,43068,1
37,308879,43802,1
37,315232,45595,1
37,318415,43789,0
37,325287,43698,1
37,336041,41479,1
37,342134,45950,0
37,347674,31474,1
37,349238,47470,1
37,351996,39575,1
37,352842,40143,0
37,362316,44704,1
37,366224,41356,1
37,384190,43433,1
37,390199,43782,0
37,406441,43108,1
37,456830,38503,0
37,458488,40223,0
37,496531,42151,0
37,519791,27459,0
37,528550,28812,0
37,558043,25788,0
38,100000,49187,1
38,100000,46838,1
38,100000,47654,1
38,100000,47594,1
38,100000,46101,1
38,100000,43086,1
38,100000,45976,1
38,100000,50778,1
38,108527,52156,1
38,110664,42616,1
38,111033,49423,1
38,118469,51018,1
38,118630,49564,0
38,120800,45544,1
38,127744,48871,1
38,133853,42468,1
38,134326,49831,1
38,139370,48544,1
38,139573,44198,1
38,143058,47729,1
38,153554,48463,1
38,154838,43965,1
38,158642,47867,1
38,165173,46461,1
38,167411,47000,1
38,168607,45782,1
38,179699,46901,1
38,180260,40930,1
38,182462,48148,1
38,184976,48361,1
38,187681,45790,1
38,188760,46205,1
38,195748,49983,1
38,199154,46088,1
38,199713,43710,1
38,205194,48401,1
38,229135,44189,1
38,246071,44454,1
38,246348,44438,1
38,247969,47182,1
38,250742,47609,1
38,256241,47853,1
38,257895,43455,1
38,265672,45976,1
38,266983,46309,1
38,272186,40950,1
38,274946,46037,1
38,275726,45779,1
38,282866,44465,1
38,287842,34708,0
38,295601,36735,1
38,295778,43379,1
38,295970,47201,1
38,296589,43077,0
38,317786,45090,1
38,325969,43876,1
38,328669,49417,1
38,344242,43288,1
38,345079,42797,0
38,381338,43819,0
38,381715,35113,0
38,387248,44441,1
38,390385,37477,0
38,393247,42508,1
38,403945,41776,1
38,405967,44912,1
38,420844,43151,0
38,425830,39776,1
38,439572,32555,0
38,449189,34548,0
38,455352,28385,1
38,461616,43107,0
38,475641,29556,0
38,489384,40851,0
38,495827,40594,1
38,535069,30270,0
38,541504,32496,0
38,568566,30155,0
38,579542,29637,0
38,591590,28709,0
38,609834,28609,0
39,100000,50106,1
39,100000,48036,1
39,100000,48547,1
39,100000,46778,1
39,100000,46562,1
39,100000,51998,1
39,100000,49618,1
39,100000,38205,1
39,101336,51118,1
39,103934,51412,1
39,107266,38100,1
39,111294,40439,1
39,113262,46715,1
39,115340,48499,1
39,115476,47482,1
39,115763,45829,1
39,126196,43910,1
39,128890,48397,1
39,133253,47988,1
39,136543,47920,1
39,136987,46729,1
39,140641,52309,1
39,144865,44175,1
39,149103,48451,1
39,149257,42635,1
39,150074,49563,1
39,152812,48545,1
39,155055,50321,1
39,170313,47492,1
39,171254,45719,1
39,173971,46608,1
39,176056,44783,1
39,179806,51749,1
39,181537,46315,1
39,184251,47849,1
39,185783,46705,1
39,190358,48519,1
39,194800,43417,1
39,205186,49443,1
39,212995,47235,1
39,218361,48204,1
39,222402,45788,1
39,250652,47158,1
39,260800,40962,1
39,262743,44114,1
39,268202,42123,1
39,268687,33112,0
39,275875,43155,1
39,279196,43859,1
39,279965,45507,1
39,286677,35961,1
39,287255,37228,1
39,291766,42096,1
39,299107,43863,1
39,299895,46661,1
39,301144,46486,1
39,305384,47166,1
39,308396,46541,1
39,312954,45844,1
39,316599,43193,0
39,317551,35690,1
39,321133,33231,1
39,327579,39982,1
39,331733,44214,1
39,334900,41369,0
39,345436,45254,1
39,352204,36450,1
39,355660,41284,1
39,366906,46180,1
39,370248,41689,1
39,370683,45847,1
39,371310,42059,1
39,375712,44464,1
39,385497,46124,0
39,387966,45662,0
39,392488,43922,1
39,393371,38287,0
39,421565,44062,0
39,433409,33504,1
39,444936,30631,1
39,446651,33306,1
39,454768,35790,1
39,456656,31079,0
39,462125,38023,0
39,476748,41851,1
39,479385,41639,0
39,492387,34275,0
39,521739,42567,0
39,524256,44124,1
40,100000,48581,1
40,100000,45279,1
40,100000,49344,1
40,100000,50650,1
40,100000,43517,1
40,100000,50089,1
40,100000,48095,1
40,100493,39790,1
40,101891,43133,1
40,102012,42565,1
40,102993,41036,1
40,103727,49321,1
40,105847,47093,1
40,106502,49831,1
40,109610,45591,1
40,109831,54208,1
40,111037,50130,1
40,114500,41607,1
40,116997,41704,1
40,118306,54197,1
40,126132,46975,1
40,126338,40840,1
40,129903,49774,1
40,135905,47076,1
40,136777,49908,1
40,139004,49328,1
40,141947,46242,1
40,142793,50640,1
40,144171,49625,1
40,145038,50082,1
40,145244,49518,1
40,145726,47127,1
40,150798,47070,1
40,151930,49787,1
40,154625,48233,1
40,156438,50733,1
40,159659,52120,1
40,163454,52509,1
40,171202,44358,1
40,171445,50011,1
40,179399,46335,1
40,184179,49410,1
40,186045,46158,1
40,191475,45263,1
40,194506,48389,1
40,194846,43965,1
40,195161,48667,1
40,195195,50757,1
40,195978,46408,1
40,204015,41104,1
40,211161,45353,1
40,215705,49336,1
40,217717,47009,1
40,226493,43018,1
40,233756,45954,1
40,236275,43303,1
40,241051,47963,0
40,241375,48803,1
40,251493,47834,1
40,253706,46581,1
40,254615,44377,1
40,262135,48489,1
40,264538,46758,1
40,270686,47804,1
40,282732,45794,1
40,283860,49319,1
40,294463,45819,1
40,300218,44534,1
40,303848,45060,1
40,304876,47513,1
40,315226,47392,1
40,316047,43417,0
40,325981,46363,1
40,326357,46534,1
40,333672,42446,1
40,336842,42803,0
40,342668,42333,1
40,345310,47238,1
40,346727,42929,0
40,352544,46144,1
40,354458,42514,0
40,355984,40496,0
40,357375,44743,1
40,357485,46823,1
40,360995,45071,1
40,362837,46066,0
40,363838,42742,1
40,367187,43170,1
40,367877,39868,0
40,368722,45708,1
40,370537,44150,1
40,371679,46823,1
40,372490,47588,1
40,374223,44738,1
40,375316,45515,1
40,375879,43241,1
40,394438,44299,1
40,396508,43324,1
40,415137,42934,1
40,424574,32160,0
40,451374,34039,0
40,463063,44670,0
40,465045,41913,0
40,468592,41503,0
40,485511,44164,0
40,492547,32820,0
40,521151,43103,1
40,524245,43180,1
40,559005,40598,1
40,564722,43831,1
40,579043,40288,0
41,100000,40724,1
41,100000,41966,1
41,100000,38135,1
41,100000,50737,1
41,100000,49967,1
41,100000,45364,1
41,100000,48660,1
41,100000,39880,1
41,100000,47862,1
41,102017,50504,1
41,103653,38493,1
41,105025,52136,1
41,108484,50897,1
41,110510,49426,1
41,111910,47037,1
41,116880,49291,1
41,117284,54765,1
41,117304,49971,1
41,118221,50681,1
41,124136,51446,1
41,125224,47431,1
41,126287,40800,1
41,126310,52060,1
41,129704,51030,1
41,131197,50425,1
41,137126,50017,1
41,142055,48690,1
41,146380,50677,1
41,151820,47723,1
41,153818,48954,1
41,154915,46585,1
41,155670,52290,1
41,158149,46988,1
41,172963,50661,1
41,173564,47671,1
41,177273,47376,1
41,178715,46851,1
41,183709,46304,1
41,184384,51264,1
41,189189,47995,1
41,189286,49429,1
41,200191,47514,1
41,202758,47587,1
41,204897,47202,1
41,212477,47289,0
41,229607,49870,1
41,230251,46160,0
41,236320,47320,1
41,248851,46248,1
41,276647,47966,1
41,281317,47542,0
41,283298,47368,1
41,293841,45972,1
41,303711,40405,1
41,304692,46638,1
41,313052,48543,1
41,319456,45028,1
41,320038,44743,1
41,322839,49844,1
41,326330,46424,1
41,327319,44036,1
41,334418,44667,1
41,352348,46595,1
41,354162,47221,1
41,360525,44625,1
41,363307,44259,1
41,365417,47463,1
41,366267,41692,1
41,376567,48249,1
41,380805,40461,1
41,381770,46816,1
41,387780,48256,1
41,400340,43991,0
41,401472,43447,1
41,409174,42244,1
41,412257,46233,1
41,416563,40029,1
41,423332,43381,1
41,436850,43873,1
41,437531,45949,1
41,437718,45333,0
41,466533,34879,1
41,469310,38426,1
41,475712,45722,1
41,497426,33798,0
41,499084,30592,0
41,502310,45010,1
41,545995,43447,0
41,552995,42837,0
42,100000,49896,1
42,100000,41497,1
42,100000,50265,1
42,100000,48368,1
42,100000,53612,1
42,100000,52822,1
42,100000,50274,1
42,100000,41460,1
42,100000,48924,1
42,100000,47710,1
42,100489,49389,1
42,102527,50212,1
42,104070,44106,1
42,105134,42032,1
42,107379,48103,1
42,107555,54550,1
42,112165,39249,1
42,124431,52817,1
42,128358,49784,1
42,133284,50285,1
42,134507,48077,1
42,134749,47261,1
42,142865,48487,1
42,143933,52489,1
42,148854,48603,1
42,150171,55428,1
42,152204,46503,1
42,153429,49426,1
42,155624,45918,1
42,160986,53326,1
42,167689,49567,1
42,169177,48393,1
42,190380,47398,1
42,197127,50072,1
42,202725,46944,1
42,211758,52031,1
42,212508,50882,1
42,224459,48312,1
42,228329,48315,0
42,239147,52329,1
42,239169,46741,1
42,239291,52317,1
42,244096,48725,1
42,251414,53418,1
42,260010,48806,1
42,268223,47787,1
42,268700,48530,1
42,271447,47496,1
42,271492,47985,1
42,286298,42653,1
42,287654,46203,1
42,290293,46921,0
42,313976,44259,1
42,315595,47921,1
42,326031,49016,1
42,330045,44931,1
42,331854,47707,1
42,333429,47010,1
42,343235,47745,1
42,351906,48495,1
42,359342,47464,1
42,360166,44003,1
42,361508,47785,1
42,361609,45499,1
42,380292,48812,1
42,380514,43181,1
42,385828,45669,1
42,387997,49071,1
42,389489,43182,1
42,389740,47269,1
42,389876,51223,0
42,397026,43849,1
42,412362,47131,1
42,417806,38553,0
42,418103,43953,0
42,428780,44990,1
42,441645,35806,0
42,463620,32429,0
42,465279,33458,0
42,472028,36502,1
42,478029,34472,0
42,478152,38820,1
42,486627,44618,0
42,487903,37488,0
42,490227,45307,0
42,495235,34757,0
42,497333,35600,0
42,501212,45221,0
42,510120,35318,0
42,523136,45322,1
42,532202,46996,1
43,100000,50889,1
43,100000,48579,1
43,100000,52115,1
43,100000,49373,1
43,100000,45755,1
43,100000,53140,1
43,100000,55570,1
43,100000,55597,1
43,100000,51956,1
43,101174,53938,1
43,101576,49697,1
43,101646,53128,1
43,103874,50770,1
43,109687,51471,1
43,115891,38501,1
43,117422,54002,1
43,118585,50256,1
43,121732,51412,1
43,122236,49046,1
43,122981,53268,1
43,123384,49432,1
43,126766,55960,1
43,127214,52046,1
43,127532,51377,1
43,129334,47551,1
43,134013,53253,1
43,136543,51503,1
43,140267,49738,1
43,141542,50755,1
43,146643,48065,1
43,153199,46453,1
43,156355,54493,1
43,159515,48896,1
43,159931,52656,1
43,162599,50657,1
43,164596,53766,1
43,167998,47896,1
43,169648,50877,1
43,178130,51001,1
43,182200,53796,1
43,186687,47276,1
43,196381,50413,1
43,222843,52729,1
43,227444,47565,1
43,230782,48017,1
43,235279,46087,1
43,241653,50120,1
43,250728,49422,1
43,251639,47097,1
43,252030,47822,1
43,253496,51807,1
43,257223,50129,1
43,257587,44893,1
43,259564,47854,1
43,262942,51512,1
43,263630,47912,1
43,265791,51022,1
43,266692,48811,1
43,269772,45988,1
43,274014,53911,1
43,275517,47643,1
43,279399,46314,1
43,279402,52794,1
43,283572,50682,1
43,284302,50959,1
43,286156,48066,1
43,289759,48085,1
43,289793,48538,1
43,290226,49556,1
43,304365,51932,1
43,305970,47650,1
43,311994,50923,1
43,313019,48016,1
43,333267,48233,1
43,347939,46027,1
43,357365,45106,1
43,360113,48004,1
43,361250,50547,1
43,365538,44950,0
43,367807,47674,1
43,370279,45752,1
43,372429,49636,1
43,379714,48192,1
43,393611,51923,0
43,393822,47242,1
43,394111,47660,1
43,394781,46317,0
43,397382,42771,1
43,397556,45341,1
43,412446,47004,0
43,427521,43777,1
43,495333,36798,0
43,495696,31488,0
43,497472,45935,0
43,503102,39211,0
43,507004,36780,1
43,520155,45528,1
43,520523,36001,0
43,524079,30691,1
43,545268,47681,1
43,593484,47165,0
44,100000,51040,1
44,100000,53233,1
44,100000,51196,1
44,100000,52679,1
44,100000,43567,1
44,100000,46974,1
44,100000,52369,1
44,100000,52744,1
44,100000,49665,1
44,101117,51694,1
44,103695,50678,1
44,105027,55933,1
44,109382,51956,1
44,111286,54155,1
44,112662,53069,1
44,116686,50087,1
44,118981,55474,1
44,126192,50090,1
44,126276,53638,1
44,127217,48467,1
44,127672,52582,1
44,131146,53907,1
44,131920,52590,1
44,133507,55696,1
44,133913,51457,1
44,139863,48747,1
44,140490,50385,1
44,144109,51412,1
44,149938,52348,1
44,150256,50112,1
44,150839,49068,1
44,150941,55348,1
44,157933,53481,1
44,158272,53993,1
44,159626,50478,1
44,161308,47144,1
44,168566,54820,1
44,169075,49279,1
44,170229,51941,1
44,173726,52249,1
44,174170,53888,1
44,185009,50966,1
44,197814,50930,1
44,199297,53036,1
44,201865,54346,1
44,211819,52472,1
44,215088,48676,1
44,232278,50129,1
44,232949,46904,1
44,234207,51921,1
44,234894,50153,1
44,236189,51083,1
44,238678,49752,1
44,242372,47728,1
44,245338,55666,1
44,249257,48670,1
44,263636,49214,1
44,263743,44798,1
44,264630,51569,1
44,266076,48438,1
44,278796,46414,1
44,283662,48125,1
44,283700,50024,1
44,286032,50897,1
44,287178,52937,1
44,295862,48402,1
44,298337,44610,1
44,313503,47874,1
44,313553,48418,1
44,313951,49855,1
44,318212,51263,1
44,323273,45401,1
44,329018,48945,1
44,329743,50271,0
44,336336,43642,1
44,345594,45687,1
44,347298,49027,0
44,353899,48669,1
44,355642,50410,1
44,356900,49067,0
44,359105,49523,1
44,367816,46175,1
44,367887,50934,1
44,368206,48462,1
44,373768,48622,1
44,388440,46042,1
44,395880,50779,1
44,397419,49053,1
44,398276,47086,1
44,404008,46751,1
44,404583,49932,1
44,405567,45958,1
44,408958,47707,0
44,409296,47912,1
44,409410,42146,0
44,412901,47564,1
44,453076,48637,0
44,456677,42616,0
44,470276,35803,1
44,475496,46071,0
44,475755,45247,0
44,476629,42905,1
44,480043,45400,0
44,487792,48023,1
44,497459,36726,0
44,515549,42408,1
44,516764,46020,1
44,556105,42605,0
44,568056,44299,0
44,569142,37499,0
44,577068,43188,0
44,577514,45693,1
44,585401,48112,0
44,603823,48813,0
44,605869,40370,0
44,606231,43522,1
44,639899,37627,0
45,100000,53113,1
45,100000,53108,1
45,100000,54153,1
45,100000,52382,1
45,100000,53987,1
45,100000,52620,1
45,100000,52002,1
45,100000,51596,1
45,100000,54116,1
45,100000,54239,1
45,100000,54713,1
45,100000,57084,1
45,100000,53453,1
45,104369,55215,1
45,104639,57434,1
45,104777,45064,1
45,105306,54939,1
45,105727,52148,1
45,106645,53615,1
45,114371,53463,1
45,117112,50800,1
45,125480,50573,1
45,125566,44670,1
45,129416,53851,1
45,130606,50761,1
45,134530,41553,1
45,145976,41442,1
45,147604,48665,0
45,158551,54493,1
45,161878,54115,1
45,166651,53255,1
45,168842,56374,1
45,170003,55235,0
45,171242,54231,1
45,187143,54006,1
45,190619,46753,1
45,194981,52001,1
45,201210,48388,1
45,203815,50598,1
45,211205,47919,1
45,215271,51100,1
45,222842,53318,1
45,226924,53033,1
45,235277,51665,1
45,236479,50541,1
45,240866,52408,1
45,241389,51727,1
45,243571,48217,1
45,243992,51432,1
45,247044,59109,1
45,247528,47972,1
45,252798,53350,1
45,252846,47765,1
45,253446,52369,1
45,255175,55878,1
45,256236,50585,1
45,256785,51482,1
45,258411,52413,1
45,259018,53009,1
45,259128,49522,1
45,260269,48809,1
45,260588,50407,1
45,261389,53052,1
45,261908,51398,1
45,262134,48656,1
45,262236,49414,1
45,263712,45661,1
45,268039,49561,1
45,270407,49943,1
45,276570,45438,1
45,276688,49823,1
45,276692,49982,1
45,277665,53028,1
45,279094,48171,1
45,279648,52466,1
45,281595,49542,1
45,282867,47952,1
45,286787,50935,1
45,289177,46697,1
45,291950,49969,1
45,292157,52881,0
45,293801,49064,1
45,294142,48324,1
45,295326,53488,1
45,298669,52019,1
45,301066,50226,1
45,302392,50428,1
45,312791,42941,1
45,314028,51093,1
45,315049,50209,1
45,322373,48747,1
45,322938,50794,1
45,323448,51299,1
45,323718,51390,0
45,325492,50972,1
45,325940,43432,0
45,336654,51687,1
45,337116,50651,1
45,348208,48215,1
45,360451,50040,1
45,361764,49530,1
45,370402,51899,1
45,370579,47298,1
45,376527,49591,1
45,379437,46899,1
45,381361,47271,1
45,382675,51499,1
45,385264,43647,1
45,403123,43752,1
45,408229,51445,1
45,414128,44863,1
45,415263,49583,1
45,417831,45766,1
45,421016,45546,1
45,426858,48832,1
45,429238,48036,1
45,436574,45018,1
45,444314,46426,0
45,447534,46800,1
45,450047,47326,1
45,462111,50299,1
45,462265,46808,1
45,463737,35354,1
45,469951,34885,0
45,480207,47634,1
45,481404,46939,0
45,482885,48251,1
45,491248,35658,0
45,492736,46627,1
45,495938,39461,0
45,503397,38187,1
45,504168,49627,1
45,513880,38109,1
45,516173,49903,1
45,535952,44705,0
45,550975,44012,0
45,557079,45417,0
45,559421,34687,0
45,571902,34241,1
45,588877,39055,0
45,596290,46895,1
45,614910,33681,0
46,100000,56509,1
46,100000,44305,1
46,100000,53823,1
46,100000,53743,1
46,100000,53444,1
46,100000,52879,1
46,100803,52415,1
46,106587,53424,1
46,115769,52432,1
46,125601,52185,1
46,129429,50217,1
46,130810,48826,1
46,141823,57852,1
46,143133,52971,1
46,144342,54302,1
46,153919,55259,1
46,163219,50230,1
46,172759,51061,1
46,182629,49908,1
46,188522,50984,1
46,193978,49369,1
46,195532,55502,1
46,201397,54222,1
46,203522,50539,1
46,203802,50511,1
46,208834,47677,1
46,212233,54990,1
46,214581,53190,1
46,217426,52744,1
46,220299,53144,1
46,222633,51942,1
46,223970,50648,1
46,230209,53699,1
46,231755,50663,1
46,240450,51291,1
46,241136,48840,1
46,244149,52505,1
46,244917,54979,1
46,248388,49653,1
46,248953,50082,1
46,249226,52854,1
46,251086,45947,1
46,251660,54817,1
46,253995,53253,1
46,254022,52991,1
46,254171,49321,1
46,254822,52678,1
46,256833,55933,1
46,257866,52052,1
46,261952,50116,1
46,263172,49203,1
46,263899,50003,1
46,265841,50589,1
46,268919,50400,1
46,269659,50965,1
46,273073,52524,1
46,273157,50515,1
46,276453,49895,1
46,279408,49183,1
46,284856,48955,1
46,285407,47576,1
46,286761,51591,1
46,289401,52115,1
46,292672,49405,1
46,292874,52365,1
46,293527,52221,1
46,294013,49595,1
46,297719,51406,1
46,301761,52910,1
46,301926,50485,1
46,303048,51268,1
46,305221,49276,1
46,309238,47646,1
46,312949,47375,1
46,324894,51712,1
46,333002,48984,1
46,337261,53677,1
46,339772,52552,1
46,368363,49472,0
46,370180,48751,1
46,390009,50425,1
46,399705,47893,1
46,402777,51144,1
46,404689,48962,1
46,416747,49006,0
46,436412,47270,1
46,449275,46181,1
46,449284,47509,1
46,454572,48949,1
46,460077,46179,1
46,483710,48353,1
46,485207,46802,1
46,508338,48563,0
46,516044,36644,0
46,518894,47642,0
46,521600,41842,0
46,553599,49969,1
46,553953,43423,1
46,574343,44374,0
46,596820,35731,0
46,613908,38562,1
46,620796,36193,0
46,621264,32639,0
47,100000,46230,1
47,100000,42753,1
47,100000,56054,1
47,100000,50598,1
47,100000,54934,1
47,100000,54794,1
47,100114,53055,1
47,114288,56059,1
47,114710,58905,1
47,114860,53309,1
47,118525,49846,1
47,127344,52711,1
47,138847,54118,1
47,140325,56594,1
47,146782,59136,1
47,148033,55892,1
47,153348,53523,1
47,159143,56970,1
47,167770,55669,1
47,167957,49693,1
47,168841,50432,1
47,183442,55104,1
47,192466,52604,1
47,193236,50856,1
47,193374,50153,1
47,194987,54782,1
47,197493,54785,1
47,198668,44832,1
47,203609,52783,1
47,211938,54232,1
47,213876,51754,1
47,214454,53045,1
47,217356,54669,1
47,221371,53732,1
47,221505,53160,1
47,221818,52642,1
47,224247,48812,1
47,230041,52009,1
47,230462,52523,1
47,231990,51725,1
47,241017,52600,1
47,242131,53835,1
47,243906,48993,1
47,252153,50199,1
47,252218,53218,1
47,261488,52038,1
47,263761,50761,1
47,264299,50536,1
47,264967,52860,1
47,269685,51152,1
47,272587,49481,1
47,276021,50957,1
47,281818,51920,1
47,284251,54393,1
47,286990,50541,1
47,292032,56081,1
47,293054,52376,1
47,293252,51896,1
47,300846,51176,1
47,304372,51894,1
47,311596,48658,1
47,326968,53891,1
47,331989,53854,1
47,333648,54126,1
47,385686,51213,1
47,392924,47634,1
47,393293,54379,1
47,396057,53601,0
47,401599,46269,1
47,401953,48311,1
47,405433,49536,1
47,407192,49479,1
47,414639,49981,1
47,416051,53454,1
47,416313,52593,1
47,423449,47990,1
47,427247,50579,1
47,428943,49686,1
47,431359,47735,1
47,439571,54145,0
47,440500,53047,1
47,440774,46075,1
47,447554,49297,1
47,450807,50279,1
47,459088,46866,1
47,469124,54602,1
47,473859,47598,1
47,481165,48959,1
47,488089,48773,0
47,497113,47813,0
47,497989,49482,0
47,529982,49193,1
47,556825,48004,1
47,557228,48367,0
47,586887,37540,0
47,592002,47914,0
47,594642,42221,1
47,606501,40709,1
47,610704,43213,1
48,101941,55665,1
48,102789,54611,1
48,106159,55169,1
48,123089,57242,1
48,127061,52877,1
48,129456,54722,1
48,133278,55788,1
48,138167,51773,1
48,154283,55885,1
48,173084,54995,1
48,183685,50769,1
48,186826,57415,1
48,188832,52933,1
48,190585,51759,1
48,191153,55860,1
48,197938,55665,1
48,200347,53447,1
48,202203,53019,1
48,207093,53394,1
48,207851,56093,1
48,212082,51057,1
48,212525,51710,1
48,213940,56097,1
48,220109,52580,1
48,221563,55791,1
48,222935,56583,1
48,230624,55945,1
48,230872,54960,1
48,235715,50464,1
48,237606,54103,1
48,240450,57611,1
48,244561,49689,1
48,244728,58361,1
48,249548,53988,1
48,262060,53860,1
48,265235,51173,1
48,267581,51320,1
48,269094,54913,1
48,270539,51543,1
48,273240,51566,0
48,279098,50431,1
48,280911,51320,1
48,286180,52346,1
48,292849,50616,1
48,292859,53144,1
48,299269,50372,1
48,301427,53811,1
48,305235,49057,1
48,306210,47433,1
48,314900,51952,1
48,335234,50326,1
48,346440,51895,1
48,349837,51165,1
48,363123,52166,1
48,365192,53383,1
48,365611,47405,1
48,366394,50198,1
48,378659,50268,1
48,384001,50836,1
48,390326,49442,0
48,399650,53958,1
48,400199,51329,1
48,402465,53632,1
48,406538,52864,1
48,407025,46201,1
48,407913,52573,1
48,410464,49854,1
48,413256,49913,1
48,415042,54287,1
48,416192,50363,1
48,417899,40367,0
48,418135,42428,1
48,420836,50147,1
48,421043,50552,1
48,424485,52339,1
48,424576,51616,0
48,430738,50466,1
48,432847,50149,1
48,433043,45167,1
48,433987,50557,0
48,442126,49027,1
48,443085,47622,0
48,444201,47996,1
48,447238,44425,1
48,452222,39099,1
48,474360,48864,0
48,494034,52489,1
48,495980,48140,1
48,536178,45256,1
48,542872,48214,1
48,545610,48080,0
48,585799,41220,0
48,588346,48261,1
48,591550,33094,0
48,628164,43465,0
48,639264,36161,0
49,100000,54707,1
49,100000,52347,1
49,100000,54873,1
49,101430,50716,1
49,104210,54181,1
49,130339,56516,1
49,139011,57685,1
49,141331,62347,1
49,150328,56266,1
49,171588,55861,1
49,176579,56479,1
49,182811,52982,1
49,185153,54583,1
49,199457,53358,1
49,200885,48560,1
49,203692,51909,1
49,207525,51998,1
49,210056,54961,1
49,211417,55772,1
49,211989,54763,1
49,218342,52955,1
49,220080,52903,1
49,221866,56707,1
49,227281,52948,1
49,231239,54993,1
49,237155,56801,1
49,238802,51099,1
49,239009,54904,1
49,242260,53081,1
49,243723,52758,1
49,254013,55139,1
49,254869,56573,1
49,255494,59661,1
49,260834,55412,1
49,264312,58120,1
49,271519,53584,1
49,279418,55153,1
49,281917,58001,1
49,286122,54216,1
49,287103,54642,1
49,292131,50760,0
49,300090,54760,1
49,300936,52900,1
49,302503,51022,1
49,302692,55315,1
49,314179,53072,1
49,315659,51258,1
49,316178,56093,1
49,322818,56322,1
49,324695,51771,1
49,325420,51532,1
49,325614,53026,1
49,336346,51062,1
49,337144,51463,1
49,341834,54889,1
49,347936,52836,1
49,351331,54444,1
49,358963,50618,1
49,359858,53572,1
49,369048,53612,1
49,373001,55656,0
49,373574,50036,1
49,380973,52080,1
49,382155,52226,1
49,383025,54995,1
49,383111,51728,1
49,389063,51191,1
49,389361,52794,1
49,394440,54520,1
49,399267,44293,1
49,403241,47472,1
49,404659,50807,1
49,406964,53488,1
49,411040,50056,1
49,419951,41689,1
49,421199,43032,1
49,421343,48786,1
49,424207,51237,1
49,426708,48224,1
49,427662,53757,1
49,429746,53419,1
49,432420,47891,1
49,437123,47412,1
49,444675,48547,1
49,445679,49608,1
49,448530,49362,0
49,458540,51370,1
49,460880,51425,1
49,463766,49806,0
49,477980,50199,1
49,529808,49599,1
49,563152,47765,1
49,567074,45391,1
50,100000,61533,1
50,100000,54109,1
50,100000,54674,1
50,100000,57584,1
50,104358,61803,1
50,109878,56767,1
50,113138,57010,1
50,114909,58351,1
50,135196,54894,1
50,140859,54374,1
50,144923,61187,1
50,147105,59017,1
50,167833,53235,1
50,170692,58331,1
50,175034,59609,1
50,188068,55053,1
50,203893,54619,1
50,205857,55438,1
50,215554,53110,1
50,221904,56089,1
50,227569,49279,1
50,230559,57536,1
50,230849,54034,1
50,235149,54981,1
50,239847,53087,1
50,247737,52696,1
50,255440,53528,1
50,262846,59935,1
50,264563,54722,1
50,271445,58710,1
50,283481,57612,1
50,286491,53002,1
50,286534,41431,1
50,296666,54165,1
50,298733,54406,1
50,307076,52159,1
50,323419,54368,1
50,325572,54872,1
50,331024,50905,1
50,333069,52806,1
50,336295,54009,1
50,337695,43256,1
50,339885,50144,1
50,353433,47216,1
50,354780,50762,1
50,355732,52311,1
50,359441,50248,1
50,361561,51699,1
50,365485,48955,1
50,366605,50935,1
50,366724,53532,1
50,370771,49319,1
50,371469,52208,1
50,375724,55078,1
50,381198,56406,1
50,384650,53600,1
50,393477,52649,1
50,396237,41839,1
50,404626,42332,1
50,417397,43668,1
50,419646,50975,1
50,421806,41257,1
50,424085,54994,1
50,426641,51545,1
50,434465,51615,1
50,443144,54278,1
50,444567,53668,1
50,444951,51266,1
50,453934,43523,1
50,461164,41757,1
50,467797,56084,1
50,477202,55218,1
51,100000,56522,1
51,100000,60620,1
51,100000,55377,1
51,106283,62200,1
51,117505,54504,1
51,125990,60650,1
51,130974,56762,1
51,133045,56282,1
51,141109,56734,1
51,164566,56521,1
51,170719,58431,1
51,183257,56033,1
51,214343,59441,1
51,217775,55953,1
51,257133,54025,1
51,260508,59413,1
51,262267,56051,1
51,265031,46571,1
51,269565,57815,1
51,275991,54090,1
51,306192,46190,1
51,319921,53810,1
51,339462,46618,1
51,340530,44934,0
51,343946,54360,1
51,351225,44410,1
51,353948,56380,1
51,356748,43658,1
51,360980,45430,1
51,363558,54196,1
51,365826,51183,1
51,374098,52152,1
51,377326,47511,1
51,379555,53927,1
51,382670,51727,1
51,385767,51466,1
51,395192,53448,1
51,395309,54785,0
51,395325,43493,1
51,400507,56025,1
51,401930,55805,1
51,407432,51939,1
51,408013,53232,1
51,413513,52208,1
51,417339,47297,1
51,417602,52198,1
51,421459,51728,1
51,422847,51610,1
51,423600,53170,1
51,424096,51772,0
51,426706,55516,1
51,428038,56644,1
51,431327,52601,1
51,441983,52599,1
51,446025,49812,1
51,450259,53143,1
51,458238,53069,1
51,460926,52101,1
51,462101,45264,1
51,463354,52627,1
52,100000,58663,1
52,100809,60934,1
52,101150,58494,1
52,103715,58704,1
52,112359,57225,1
52,124772,58569,1
52,124994,60205,1
52,227219,55730,1
52,256818,57689,1
52,259731,58476,1
52,275743,53395,1
52,294846,55954,1
52,305727,46867,1
52,319648,50367,1
52,322610,57606,1
52,325640,45652,1
52,327111,56126,1
52,330624,53699,1
52,333875,46012,1
52,337838,40562,1
52,338636,55791,1
52,355948,55200,1
52,365249,54094,1
52,365993,54219,1
52,366674,54923,1
52,368038,53661,1
52,368970,54842,1
52,374755,53204,1
52,376594,52147,1
52,379370,46957,1
52,381224,53901,1
52,395482,53222,1
52,399076,54944,1
52,413236,45981,0
52,422112,41622,1
52,451637,46687,1
52,465712,38868,0
53,100000,54847,1
53,102562,62737,1
53,103266,50407,1
53,109103,60501,1
53,117046,59137,1
53,118347,50192,1
53,121397,59207,1
53,122616,50153,1
53,294261,49125,1
53,297246,46313,1
53,303975,47625,1
53,312274,48305,1
53,325721,53765,1
53,338732,56801,1
53,339137,57207,1
53,344252,45498,1
53,348140,45346,1
53,356151,48690,1
53,370201,56745,1
53,374087,49967,1
53,390803,45988,0
53,401677,47071,1
53,413360,55800,1
53,509331,45095,1
54,100000,63325,1
54,100000,60041,1
54,100000,50411,1
54,115418,51545,1
54,120669,58257,1
54,122029,48327,1
54,135716,59951,1
54,143948,60385,1
54,245722,47818,1
54,266942,48846,1
54,279034,51191,1
54,287492,43133,1
54,292203,50877,1
54,304017,50016,1
54,338203,46913,1
54,341393,47767,1
54,342268,48704,1
54,346599,48193,1
54,367589,48011,1
54,375263,43498,1
54,388614,48970,1
54,396300,50964,1
54,504694,43169,1
54,506765,44813,1
54,528032,44303,1
54,551226,45397,1
54,556235,44198,0
55,100000,52815,1
55,100000,65891,1
55,100000,53435,1
55,100000,50255,1
55,103058,52229,1
55,103713,51580,1
55,137613,62977,1
55,242707,51005,1
55,258315,46760,1
55,258607,48780,1
55,278179,48624,1
55,307999,46579,1
55,368180,51488,1
55,381119,47376,1
55,387748,49295,1
55,391194,49376,1
55,394937,47058,1
55,404756,46656,1
55,425206,46551,1
55,427572,48637,1
55,430395,47191,1
55,441828,44381,1
55,487314,50738,1
55,491587,46630,1
55,527420,43334,1
55,538712,47767,1
55,544833,45847,1
55,552719,45845,1
55,557710,45514,1
55,560065,45260,1
55,568494,43449,1
55,585715,40803,1
56,100000,57238,1
56,123267,53842,1
56,251060,54446,1
56,254937,50122,1
56,289415,48408,1
56,293372,47742,1
56,309765,50357,1
56,441184,46925,1
56,501516,46477,1
56,506562,49007,1
56,516450,43881,1
56,525617,48367,1
56,528548,46524,1
56,532102,43991,1
56,544601,44179,1
56,547864,48141,1
56,571009,48771,1
57,100000,58540,1
57,109450,50442,1
57,124397,50032,1
57,257275,46327,1
57,271512,49369,1
57,282513,48271,1
57,314755,48424,1
57,413619,49207,1
57,415541,47766,1
57,423396,47971,1
57,446420,49982,1
57,541971,49049,0
57,554896,45991,0
57,589977,46766,1
58,284066,51154,1
58,450406,50628,1
